image_size,batch,latency_s,memory_bytes,status
32,1,0.0007107539998969514,18763776.0,ok
32,2,0.0007507625000471307,18874368.0,ok
32,4,0.0007519780001530307,19095552.0,ok
32,8,0.0007783499999050036,19537920.0,ok
32,16,0.0009239570000545427,14843904.0,ok
32,32,0.0013997204999895985,15958016.0,ok
32,64,0.0017745359999707944,18186240.0,ok
32,65,0.0017826544999479665,18255872.0,ok
32,70,0.0026089409999485724,38626304.0,ok
32,78,0.00272738849992038,42409984.0,ok
32,128,0.003870349999942846,59342848.0,ok
32,256,0.0058038045000330385,103669760.0,ok
48,1,0.0007100180000634282,14255616.0,ok
48,2,0.0007623320000220701,14043136.0,ok
48,4,0.0008956149999903573,14356480.0,ok
48,8,0.0008734324999295495,14983168.0,ok
48,16,0.0007856864999666868,16236544.0,ok
48,32,0.0010877235000634755,18743296.0,ok
48,64,0.0016292710000698207,23822336.0,ok
48,65,0.0016796170000361599,23913472.0,ok
48,70,0.002307893999955013,42568704.0,ok
48,78,0.0032360085000391337,46802944.0,ok
48,128,0.004633228499983488,66551808.0,ok
48,256,0.006648354999924777,118087680.0,ok
64,1,0.0005492075000574914,23969792.0,ok
64,2,0.0006122165000306268,24117248.0,ok
64,4,0.0006314930001281027,24903680.0,ok
64,8,0.0006383909999385651,17793536.0,ok
64,16,0.0007074310000234618,19497472.0,ok
64,32,0.001119146500059287,22642688.0,ok
64,64,0.001712389499971323,32210944.0,ok
64,65,0.0016704540000773704,32342016.0,ok
64,70,0.004372668499968313,48088064.0,ok
64,78,0.003602477000072213,52953088.0,ok
64,128,0.005335129500053881,76644352.0,ok
64,256,0.01017316750005648,138272768.0,ok
112,1,0.0009440864999987753,24273920.0,ok
112,2,0.0005642674999535302,24725504.0,ok
112,4,0.0005239565000465518,18698752.0,ok
112,8,0.0007261509999807458,20553728.0,ok
112,16,0.0010176185001000704,27377664.0,ok
112,32,0.0020556885000360126,41025536.0,ok
112,64,0.004822333499987508,68780032.0,ok
112,65,0.004773711500092759,69482496.0,ok
112,70,0.008145978000129617,74107904.0,ok
112,78,0.00876863600001343,82935808.0,ok
112,128,0.01427279400002135,205824000.0,ok
112,256,0.028760614500129122,396533760.0,ok
128,1,0.0005976159999363517,24412160.0,ok
128,2,0.0005164790001117581,17794048.0,ok
128,4,0.0005256414999621484,19497984.0,ok
128,8,0.0008386370000152965,22642688.0,ok
128,16,0.001286436000100366,32210944.0,ok
128,32,0.00270735699996294,49381376.0,ok
128,64,0.005789461499944082,119316480.0,ok
128,65,0.006008132500028296,136519680.0,ok
128,70,0.009323113999926136,141303808.0,ok
128,78,0.009910386499882406,144187392.0,ok
128,128,0.01593172500008677,223518720.0,ok
128,256,0.03173563899997589,431923200.0,ok
224,1,0.0005234415000359149,18699776.0,ok
224,2,0.0006129784999302501,21308928.0,ok
224,4,0.0010126680000439592,27377664.0,ok
224,8,0.0018174294999653284,41025536.0,ok
224,16,0.004715595999982725,68780032.0,ok
224,32,0.008561812999914764,174673920.0,ok
224,64,0.016406725500019093,335904768.0,ok
224,65,0.017298873500067202,387948544.0,ok
224,70,0.029073281000137285,396451840.0,ok
224,78,0.031187761999944996,410918912.0,ok
224,128,0.049788790999969024,655458304.0,ok
224,256,0.1014714449999019,1292992512.0,ok
256,1,0.0005156739999847559,19499008.0,ok
256,2,0.000659641000083866,22906880.0,ok
256,4,0.0012530994999906397,32210944.0,ok
256,8,0.002747287499914819,49381376.0,ok
256,16,0.005582511000056911,119316480.0,ok
256,32,0.010542971499830855,223518720.0,ok
256,64,0.020779902999947808,431923200.0,ok
256,65,0.021858840500044607,501784576.0,ok
256,70,0.03634343850001187,513581056.0,ok
256,78,0.039383091500099,532455424.0,ok
256,128,0.062406269999996766,848732160.0,ok
256,256,0.1269124495000824,1683062784.0,ok
384,1,0.0007391039999902205,23822336.0,ok
384,2,0.0013284249999969688,33783808.0,ok
384,4,0.002985113500017178,53837824.0,ok
384,8,0.006961387999922408,95125504.0,ok
384,16,0.012062165000088498,227639296.0,ok
384,32,0.02349210599993512,436260864.0,ok
384,64,0.046373809500096286,857407488.0,ok
384,65,0.04933157999994364,989599744.0,ok
384,70,0.0832503324999152,1015420928.0,ok
384,78,0.0901957340000763,1058543616.0,ok
384,128,0.1423149805000321,1699840000.0,ok
384,256,0.29283288349995473,3384287232.0,ok
448,1,0.0012188045000129932,27377664.0,ok
448,2,0.0020254024999530884,41025536.0,ok
448,4,0.004618694999976469,68780032.0,ok
448,8,0.009178241499967044,123961344.0,ok
448,16,0.01658646199996383,307247104.0,ok
448,32,0.032755411500033915,598855680.0,ok
448,64,0.06569745549995787,1180499968.0,ok
448,65,0.0692411349999702,1364367360.0,ok
448,70,0.1189537840000412,1399134208.0,ok
448,78,0.12808859149993168,1457559552.0,ok
448,128,0.2020481119999431,2343788544.0,ok
448,256,0.43101270999989083,3507585024.0,ok
496,1,0.0012707854999689516,30458880.0,ok
496,2,0.0025113510000664974,48472064.0,ok
496,4,0.0059415679999119675,82452480.0,ok
496,8,0.011079418500003158,148594688.0,ok
496,16,0.019657664499959537,361955328.0,ok
496,32,0.0391329384999608,706084864.0,ok
496,64,0.07784936099994866,1396342784.0,ok
496,65,0.08148811849991944,1609668608.0,ok
496,70,0.14178535150006155,1654513664.0,ok
496,78,0.15477280700008578,1724174336.0,ok
496,128,0.24376421399995252,2776866816.0,ok
496,256,,,OOM
512,1,0.0012491474999478669,32210944.0,ok
512,2,0.0025475825000285113,49381376.0,ok
512,4,0.0060796999999865875,85032960.0,ok
512,8,0.011384427999928448,156336128.0,ok
512,16,0.020481662500060338,399734784.0,ok
512,32,0.04110233699998389,784355328.0,ok
512,64,0.08104170449996673,1553596416.0,ok
512,65,0.0867126760000474,1798406144.0,ok
512,70,0.14659327649997067,1844543488.0,ok
512,78,0.15924183849995188,1920040960.0,ok
512,128,0.25204164000001583,3092348928.0,ok
512,256,,,OOM
