image_size,batch,status,latency_s,memory_bytes,energy_j,is_validation
32,1,ok,0.0006830370000159,18763776.0,0.0285941977836825,False
32,2,ok,0.000741953500011,18874368.0,0.0325376152387494,False
32,4,ok,0.0007476629999985,19095552.0,0.0300445592572787,False
32,8,ok,0.0007739329999765,19537920.0,0.032204308076164,False
32,16,ok,0.0009782980000068,14843904.0,0.0359781520149431,False
32,32,ok,0.0013371739999854,15958016.0,0.0456466668907577,False
32,64,ok,0.0018063575000155,18186240.0,0.062474782834231,False
32,65,ok,0.0018010974999924,18255872.0,0.0631788727182497,True
32,70,ok,0.0026893174999997,38626304.0,0.1083290241684737,True
32,78,ok,0.0027683174999992,42409984.0,0.1060275843640028,True
32,128,ok,0.0038986014999977,59342848.0,0.1668260791178977,False
32,256,ok,0.0067553954999937,103669760.0,0.3038653381425668,False
48,1,ok,0.0005339445000061,14255616.0,0.0282420661521399,True
48,2,ok,0.0007118345000094,14043136.0,0.0321202105789197,True
48,4,ok,0.0005951825000067,14356480.0,0.034054825445793,True
48,8,ok,0.0006227320000107,14983168.0,0.0390601804927855,True
48,16,ok,0.0005815565000091,16236544.0,0.0411970644682254,True
48,32,ok,0.00076122050001,18743296.0,0.0534018181347024,True
48,64,ok,0.0011560694999843,23822336.0,0.0897709614585809,True
48,65,ok,0.0011951190000161,23913472.0,0.0790577231682279,True
48,70,ok,0.0017142939999814,42568704.0,0.1330396322080358,True
48,78,ok,0.0026563710000004,46802944.0,0.147978773448778,True
48,128,ok,0.0036184669999954,66551808.0,0.2258877256409011,True
48,256,ok,0.0061893219999831,118087680.0,0.4225703177108203,True
64,1,ok,0.0008089044999906,23969792.0,0.0359468444647875,False
64,2,ok,0.000550571500014,24117248.0,0.0377604201371228,False
64,4,ok,0.0005614405000073,24903680.0,0.0388860366874212,False
64,8,ok,0.000553563000011,17793536.0,0.0430035984681347,False
64,16,ok,0.0006187024999633,19497472.0,0.0418753236104461,False
64,32,ok,0.0009690864999924,22642688.0,0.0718008311192495,False
64,64,ok,0.0014897679999705,32210944.0,0.1080850102397478,False
64,65,ok,0.001457320500009,32342016.0,0.1155701943896911,True
64,70,ok,0.0026117255000031,48088064.0,0.207915593035751,True
64,78,ok,0.0032100650000188,52953088.0,0.2185379289500276,True
64,128,ok,0.0050480769999978,76644352.0,0.3575937120780711,False
64,256,ok,0.0090718759999788,138272768.0,0.6889769814946138,False
112,1,ok,0.000662609499983,24273920.0,0.0444782895675304,True
112,2,ok,0.0007789529999797,24725504.0,0.0413600481177532,True
112,4,ok,0.0006273885000211,18698752.0,0.0411220365403178,True
112,8,ok,0.0008299115000056,20553728.0,0.0668377130507322,True
112,16,ok,0.0010322965,27377664.0,0.0975347410818703,True
112,32,ok,0.0019583929999669,41025536.0,0.1811944266277687,True
112,64,ok,0.0044418994999944,68780032.0,0.344997656243526,True
112,65,ok,0.0044515624999803,69482496.0,0.3488196551438641,True
112,70,ok,0.0077306915000008,74107904.0,0.6099014285878266,True
112,78,ok,0.008399106000013,82935808.0,0.6398714066657059,True
112,128,ok,0.0136457104999863,205824000.0,1.047551348811253,True
112,256,ok,0.0272053289999973,396533760.0,2.1123981220333112,True
128,1,ok,0.0006025264999891,24412160.0,0.0522695403652934,False
128,2,ok,0.0004947930000014,17794048.0,0.0381751859241576,False
128,4,ok,0.0005255610000176,19497984.0,0.0439232885233862,False
128,8,ok,0.0008625709999989,22642688.0,0.0742927051517345,False
128,16,ok,0.0012031299999932,32210944.0,0.1174076488027183,False
128,32,ok,0.0023933869999837,49381376.0,0.2199975674833033,False
128,64,ok,0.00529315899999,119316480.0,0.4193817591689841,False
128,65,ok,0.0056916064999938,136519680.0,0.4471514915252993,True
128,70,ok,0.00874882399998,141303808.0,0.685858452237605,True
128,78,ok,0.0095037410000031,144187392.0,0.731960482535102,True
128,128,ok,0.0152010300000142,223518720.0,1.1532122269892362,False
128,256,ok,0.0302296939999848,431923200.0,2.332240068523782,False
224,1,ok,0.0010198815000137,18699776.0,0.0422430582405907,False
224,2,ok,0.0010222684999803,21308928.0,0.0555648181644964,False
224,4,ok,0.0014210159999947,27377664.0,0.0898423985363234,False
224,8,ok,0.0039543885000341,41025536.0,0.178760205360587,False
224,16,ok,0.0069045250000101,68780032.0,0.3335831205314861,False
224,32,ok,0.0079553820000057,174673920.0,0.628506971201682,False
224,64,ok,0.0152521299999932,335904768.0,1.1968309358392435,False
224,65,ok,0.0162877115000128,387948544.0,1.3055335255824978,True
224,70,ok,0.0274583619999759,396451840.0,2.1279104721535047,True
224,78,ok,0.0298412815000119,410918912.0,2.2687327860863604,True
224,128,ok,0.0475291780000191,655458304.0,3.628504416787424,False
224,256,ok,0.0961503599999957,1292992512.0,7.371846092012307,False
256,1,ok,0.000513635499999,19499008.0,0.0411243772414834,False
256,2,ok,0.0006875479999735,22906880.0,0.0631179901721723,False
256,4,ok,0.0012399500000128,32210944.0,0.1136037494474619,False
256,8,ok,0.0026990965000095,49381376.0,0.2256692833777304,False
256,16,ok,0.0053229674999784,119316480.0,0.4003302551371627,False
256,32,ok,0.0100280165000299,223518720.0,0.7838820223786669,False
256,64,ok,0.0199768079999955,431923200.0,1.514788275221864,False
256,65,ok,0.0202848895000329,501784576.0,1.601348960423373,True
256,70,ok,0.0340851170000178,513581056.0,2.6130552869388883,True
256,78,ok,0.0373468890000197,532455424.0,2.824169457795393,True
256,128,ok,0.0600344384999971,848732160.0,4.642590633421815,False
256,256,ok,0.1197476399999857,1683062784.0,9.05943368690364,False
384,1,ok,0.0007340480000266,23822336.0,0.0709000059893126,False
384,2,ok,0.0013147839999874,33783808.0,0.1245991178245608,False
384,4,ok,0.0027317620000246,53837824.0,0.2373482977316907,False
384,8,ok,0.0062792115000149,95125504.0,0.4738869852163109,False
384,16,ok,0.0119454885000322,227639296.0,0.8690077723801323,False
384,32,ok,0.0219977535000168,436260864.0,1.6820435950059829,False
384,64,ok,0.0435795409999855,857407488.0,3.2799378392101546,False
384,65,ok,0.0461899450000089,989599744.0,3.589913187023847,True
384,70,ok,0.0784057985000288,1015420928.0,5.919683799532318,True
384,78,ok,0.0844031170000221,1058543616.0,6.339479914594634,True
384,128,ok,0.1355985040000007,1699840000.0,10.092485431374492,False
384,256,ok,0.2767916919999891,3384287232.0,20.467103635018518,False
448,1,ok,0.0010365720000038,27377664.0,0.0956879934648596,True
448,2,ok,0.0020925165000278,41025536.0,0.1735378713360683,True
448,4,ok,0.0042359985000075,68780032.0,0.3297398690721784,True
448,8,ok,0.0086434844999985,123961344.0,0.6322297879806899,True
448,16,ok,0.0156305845000019,307247104.0,1.1889629317359725,True
448,32,ok,0.0308918464999976,598855680.0,2.34440652890368,True
448,64,ok,0.0618973715000095,1180499968.0,4.712079024334394,True
448,65,ok,0.0658899380000264,1364367360.0,4.936052916019424,True
448,70,ok,0.1133108329999856,1399134208.0,8.29013041086796,True
448,78,ok,0.123570393499989,1457559552.0,9.232963168171322,True
448,128,ok,0.1976002569999764,2343788544.0,14.51631679552139,True
448,256,ok,0.424840463999999,3507585024.0,30.630552206303125,True
496,1,ok,0.0012512954999692,30458880.0,0.1074840451435959,True
496,2,ok,0.0026121084999886,48472064.0,0.2111346683204878,True
496,4,ok,0.0057031594999443,82452480.0,0.4128669817521307,True
496,8,ok,0.0109419434999722,148594688.0,0.7856013209032895,True
496,16,ok,0.0198094765000291,361955328.0,1.4202821539826218,True
496,32,ok,0.0390646079999328,706084864.0,2.795007597818185,True
496,64,ok,0.0776707034999617,1396342784.0,5.62782184573925,True
496,65,ok,0.0811375320000138,1609668608.0,5.9056537036489685,True
496,70,ok,0.1419388874999754,1654513664.0,10.34505710557771,True
496,78,ok,0.1558854395000253,1724174336.0,10.993713994625606,True
496,128,ok,0.2473706459999789,2776866816.0,17.797895859064703,True
496,256,OOM,,,,True
512,1,ok,0.0011987880000674,32210944.0,0.1068772055726539,False
512,2,ok,0.0025601230000233,49381376.0,0.221152323811143,False
512,4,ok,0.006140774500011,85032960.0,0.4285016223680375,False
512,8,ok,0.0115943454999865,156336128.0,0.8086364516875669,False
512,16,ok,0.0208735539999906,399734784.0,1.4568204934218945,False
512,32,ok,0.0415486850000093,784355328.0,2.89573188518783,False
512,64,ok,0.0828227460000334,1553596416.0,5.853197284551616,False
512,65,ok,0.0884979294999652,1798406144.0,6.150159412401703,True
512,70,ok,0.1500493769999593,1844543488.0,10.584587124240104,True
512,78,ok,0.1629788704999555,1920040960.0,11.342644312252332,True
512,128,ok,0.2589281009999808,3092348928.0,18.25272659256717,False
512,256,OOM,,,,False
